,TickerYahoo,Name,Market Cap,Country,IPO Year,Industry
0,AAOI,Applied Optoelectronics Inc. Common Stock,466117037.00,United States,2013,Semiconductors
0,AAPL,Apple Inc. Common Stock,2930639017983.00,United States,1980,Computer Manufacturing
0,ABTS,Abits Group Inc Ordinary Shares,24148737.00,China,,Computer Software: Programming Data Processing
0,ACIW,ACI Worldwide Inc. Common Stock,3689338322.00,United States,,EDP Services
0,ACLS,Axcelis Technologies Inc. Common Stock,3694715798.00,United States,2000,Industrial Machinery/Components
0,ACMR,ACM Research Inc. Class A Common Stock,1403254346.00,United States,2017,Industrial Machinery/Components
0,ACN,Accenture plc Class A Ordinary Shares (Ireland),185291111683.00,Ireland,2001,EDP Services
0,ADBE,Adobe Inc. Common Stock,213801280000.00,United States,1986,Computer Software: Prepackaged Software
0,ADEA,Adeia Inc. Common Stock,1242410280.00,United States,2003,Computer Software: Prepackaged Software
0,ADI,Analog Devices Inc. Common Stock,113817260490.00,United States,,Semiconductors
0,ADP,Automatic Data Processing Inc. Common Stock,98545074006.00,United States,,EDP Services
0,ADSK,Autodesk Inc. Common Stock,44622736795.00,United States,,Computer Software: Prepackaged Software
0,AEIS,Advanced Energy Industries Inc. Common Stock,3932602580.00,United States,1995,Industrial Machinery/Components
0,AEYE,AudioEye Inc. Common Stock,300983014.00,United States,,EDP Services
0,AGMH,AGM Group Holdings Inc. Class A Ordinary Shares,26618390.00,Hong Kong,2018,EDP Services
0,AGYS,Agilysys Inc. Common Stock (DE),2669647672.00,United States,,EDP Services
0,AI,C3.ai Inc. Class A Common Stock,2965199787.00,United States,2020,Computer Software: Prepackaged Software
0,AILE,iLearningEngines Inc. Common Stock,850875984.00,United States,2021,Computer Software: Prepackaged Software
0,AIP,Arteris Inc. Common Stock,309756932.00,United States,2021,Semiconductors
0,AIRG,Airgain Inc. Common Stock,56042615.00,United States,2016,Radio And Television Broadcasting And Communications Equipment
0,AISP,Airship AI Holdings Inc. Class A Common Stock,88236243.00,United States,2021,Computer Software: Prepackaged Software
0,AIXI,XIAO-I Corporation American Depositary Shares,66283034.00,China,2023,Computer Software: Prepackaged Software
0,ALAB,Astera Labs Inc. Common Stock,10559895786.00,United States,2024,Semiconductors
0,ALAR,Alarum Technologies Ltd. American Depositary Share,235444030.00,Israel,2018,Computer Software: Prepackaged Software
0,ALGM,Allegro MicroSystems Inc. Common Stock,5791131606.00,United States,2020,Semiconductors
0,ALIT,Alight Inc. Class A Common Stock,4320667720.00,United States,2021,EDP Services
0,ALKT,Alkami Technology Inc. Common Stock,2805520446.00,United States,2021,Computer Software: Prepackaged Software
0,ALOT,AstroNova Inc. Common Stock,138215049.00,United States,1983,Computer peripheral equipment
0,ALRM,Alarm.com Holdings Inc. Common Stock,3335040178.00,United States,2015,Computer Software: Prepackaged Software
0,AMAT,Applied Materials Inc. Common Stock,182245539391.00,United States,1972,Semiconductors
0,AMBA,Ambarella Inc. Ordinary Shares,2025580345.00,United States,2012,Semiconductors
0,AMD,Advanced Micro Devices Inc. Common Stock,267710066454.00,United States,,Semiconductors
0,AMKR,Amkor Technology Inc. Common Stock,8050998059.00,United States,1998,Semiconductors
0,AMPG,Amplitech Group Inc. Common Stock,10202969.00,United States,,Industrial Machinery/Components
0,AMPL,Amplitude Inc. Class A Common Stock,1121545724.00,United States,,Computer Software: Prepackaged Software
0,AMST,Amesite Inc. Common Stock,9254482.00,United States,2020,Computer Software: Prepackaged Software
0,AOGO,Arogo Capital Acquisition Corp. Class A Common Stock,0.00,United States,2022,Computer Software: Prepackaged Software
0,AOSL,Alpha and Omega Semiconductor Limited Common Shares,841248175.00,Bermuda,2010,Semiconductors
0,APCX,AppTech Payments Corp. Common Stock,20792918.00,United States,,Computer Software: Prepackaged Software
0,APH,Amphenol Corporation Common Stock,80228675240.00,United States,,Electrical Products
0,API,Agora Inc. American Depositary Shares,230505440.00,China,2020,Computer Software: Prepackaged Software
0,APP,Applovin Corporation Class A Common Stock,27633857975.00,United States,2021,Computer Software: Programming Data Processing
0,APPF,AppFolio Inc. Class A Common Stock,8363536990.00,United States,2015,Computer Software: Prepackaged Software
0,APPN,Appian Corporation Class A Common Stock,2148556124.00,United States,2017,Computer Software: Prepackaged Software
0,ARBE,Arbe Robotics Ltd. Ordinary Shares,147056527.00,Israel,,EDP Services
0,AREN,The Arena Group Holdings Inc. Common Stock,24366666.00,United States,2022,EDP Services
0,ARM,Arm Holdings plc American Depositary Shares,125296682916.00,United Kingdom,2023,Semiconductors
0,ARQQ,Arqit Quantum Inc. Ordinary Shares,66038724.00,United Kingdom,,Computer Software: Prepackaged Software
0,ARW,Arrow Electronics Inc. Common Stock,6852811661.00,United States,,Electronic Components
0,ASAN,Asana Inc. Class A Common Stock,3106840797.00,United States,2020,Computer Software: Prepackaged Software
0,ASGN,ASGN Incorporated Common Stock,4278339000.00,United States,1992,EDP Services
0,ASML,ASML Holding N.V. New York Registry Shares,378914295038.00,Netherlands,1995,Industrial Machinery/Components
0,ASST,Asset Entities Inc. Class B Common Stock,7718598.00,United States,2023,Computer Software: Prepackaged Software
0,ASTI,Ascent Solar Technologies Inc. Common Stock,4299897.00,United States,,Semiconductors
0,ASUR,Asure Software Inc Common Stock,194114264.00,United States,,EDP Services
0,ASX,ASE Technology Holding Co. Ltd. American Depositary Shares (each representing Two Common Shares) ,24508945465.00,Taiwan,2018,Semiconductors
0,ASYS,Amtech Systems Inc. Common Stock,80137604.00,United States,,Semiconductors
0,ATEN,A10 Networks Inc. Common Stock,1137303470.00,United States,2014,EDP Services
0,ATGL,Alpha Technology Group Limited Ordinary Shares,57997500.00,China,2023,EDP Services
0,ATHM,Autohome Inc. American Depositary Shares each representing four class A ordinary shares.,3332909050.00,China,2013,EDP Services
0,ATOM,Atomera Incorporated Common Stock,118842180.00,United States,2016,Semiconductors
0,AUID,authID Inc. Common Stock,75507258.00,United States,,Computer Software: Prepackaged Software
0,AUR,Aurora Innovation Inc. Class A Common Stock,3826613259.00,United States,2021,EDP Services
0,AUUD,Auddia Inc. Common Stock,3674088.00,United States,2021,EDP Services
0,AVDX,AvidXchange Holdings Inc. Common Stock,2163112470.00,United States,2021,Computer Software: Prepackaged Software
0,AVGO,Broadcom Inc. Common Stock,645390537027.00,United States,2009,Semiconductors
0,AVNW,Aviat Networks Inc. Common Stock,386508136.00,United States,,Radio And Television Broadcasting And Communications Equipment
0,AVPT,AvePoint Inc. Class A Common Stock,1673169991.00,United States,2019,Computer Software: Prepackaged Software
0,AVT,Avnet Inc. Common Stock,4854096203.00,United States,,Electronic Components
0,AWRE,Aware Inc. Common Stock,40061945.00,United States,1996,Computer Software: Prepackaged Software
0,AXTI,AXT Inc Common Stock,162943754.00,United States,1998,Semiconductors
0,AZTA,Azenta Inc.,2732072386.00,United States,,Industrial Machinery/Components
0,BAND,Bandwidth Inc. Class A Common Stock,549877118.00,United States,2017,Computer Software: Prepackaged Software
0,BASE,Couchbase Inc. Common Stock,1260140045.00,United States,2021,Computer Software: Prepackaged Software
0,BB,BlackBerry Limited Common Stock,1630704005.00,Canada,,Computer Software: Prepackaged Software
0,BBAI,BigBear.ai Inc. Common Stock,381417921.00,United States,2021,Computer Software: Prepackaged Software
0,BEEM,Beam Global Common Stock,88823826.00,United States,,Semiconductors
0,BHE,Benchmark Electronics Inc. Common Stock,1569433131.00,United States,,Electrical Products
0,BIDU,Baidu Inc. ADS,34625003424.00,China,2005,Computer Software: Programming Data Processing
0,BIGC,BigCommerce Holdings Inc. Series 1 Common Stock,639446711.00,United States,2020,Computer Software: Prepackaged Software
0,BILI,Bilibili Inc. American Depositary Shares,5625940675.00,China,2018,EDP Services
0,BILL,BILL Holdings Inc. Common Stock,5397085417.00,United States,2019,EDP Services
0,BKSY,BlackSky Technology Inc. Class A Common Stock,160338843.00,United States,2019,Radio And Television Broadcasting And Communications Equipment
0,BKTI,BK Technologies Corporation Common Stock,49663754.00,United States,,Radio And Television Broadcasting And Communications Equipment
0,BKYI,BIO-key International Inc. Common Stock,1750354.00,United States,,Computer Software: Prepackaged Software
0,BL,BlackLine Inc. Common Stock,3010507867.00,United States,2016,Computer Software: Prepackaged Software
0,BLBX,Blackboxstocks Inc. Common Stock,9455508.00,United States,,EDP Services
0,BLIN,Bridgeline Digital Inc. Common Stock,12167767.00,United States,2007,Computer Software: Prepackaged Software
0,BLKB,Blackbaud Inc. Common Stock,3993276979.00,United States,2004,Computer Software: Prepackaged Software
0,BLND,Blend Labs Inc. Class A Common Stock,776061135.00,United States,2021,Computer Software: Programming Data Processing
0,BLZE,Backblaze Inc. Class A Common Stock,280540000.00,United States,2021,Computer Software: Prepackaged Software
0,BMBL,Bumble Inc. Class A Common Stock,1434247328.00,United States,2021,Computer Software: Programming Data Processing
0,BMR,Beamr Imaging Ltd. Ordinary Share,65909282.00,Israel,2023,Computer Software: Prepackaged Software
0,BNAI,Brand Engagement Network Inc. Common Stock,80739097.00,United States,2021,EDP Services
0,BNZI,Banzai International Inc. Class A Common Stock,4662040.00,United States,2021,Computer Software: Prepackaged Software
0,BOX,Box Inc. Class A Common Stock,3922592311.00,United States,2015,Computer Software: Prepackaged Software
0,BRAG,Bragg Gaming Group Inc. Common Shares,143497746.00,Canada,,Office Equipment/Supplies/Services
0,BRZE,Braze Inc. Class A Common Stock,4158536149.00,United States,2021,Computer Software: Prepackaged Software
0,BSY,Bentley Systems Incorporated Class B Common Stock,15622510936.00,United States,2020,Computer Software: Prepackaged Software
0,BTCM,BIT Mining Limited ADS,29399873.00,,2013,EDP Services
0,BZ,KANZHUN LIMITED American Depository Shares,9007490092.00,China,2021,Computer Software: Programming Data Processing
0,CACI,CACI International Inc. Class A Common Stock,9358695133.00,United States,,EDP Services
0,CAMP,CalAmp Corp. Common Stock,5365240.00,United States,1983,Radio And Television Broadcasting And Communications Equipment
0,CAMT,Camtek Ltd. Ordinary Shares,4881704344.00,Israel,2000,Electronic Components
0,CAN,Canaan Inc. American Depositary Shares,260628709.00,China,2019,Semiconductors
0,CANG,Cango Inc. American Depositary Shares  each representing two (2) Class A Ordinary Shares,166818662.00,,2018,Computer Software: Prepackaged Software
0,CARG,CarGurus Inc. Class A Common Stock ,2451648137.00,United States,2017,EDP Services
0,CCCS,CCC Intelligent Solutions Holdings Inc. Common Stock,7036989525.00,United States,,Computer Software: Prepackaged Software
0,CCLD,CareCloud Inc. Common Stock,43203656.00,United States,2014,Computer Software: Prepackaged Software
0,CCLDO,CareCloud Inc. 8.75% Series B Cumulative Redeemable Perpetual Preferred Stock,192641554.00,United States,,Computer Software: Prepackaged Software
0,CCRD,CoreCard Corporation Common Stock,113434536.00,United States,1986,Computer Software: Prepackaged Software
0,CCSI,Consensus Cloud Solutions Inc. Common Stock,377676321.00,United States,,Computer Software: Prepackaged Software
0,CDLX,Cardlytics Inc. Common Stock,462463229.00,United States,2018,Computer Software: Programming Data Processing
0,CDNS,Cadence Design Systems Inc. Common Stock,79531161500.00,United States,,Computer Software: Prepackaged Software
0,CERS,Cerus Corporation Common Stock,326330975.00,United States,1997,EDP Services
0,CERT,Certara Inc. Common Stock,2645841869.00,United States,2020,Computer Software: Prepackaged Software
0,CETX,Cemtrex Inc. Common Stock,4314176.00,United States,,EDP Services
0,CEVA,CEVA Inc. Common Stock,468105519.00,United States,,Semiconductors
0,CFLT,Confluent Inc. Class A Common Stock,9570010977.00,United States,2021,Computer Software: Prepackaged Software
0,CGNT,Cognyte Software Ltd. Ordinary Shares,556612834.00,Israel,,Computer Software: Prepackaged Software
0,CHKP,Check Point Software Technologies Ltd. Ordinary Shares,16893059608.00,Israel,1996,Computer Software: Prepackaged Software
0,CHR,Cheer Holding Inc. Ordinary Share,27491133.00,China,2018,EDP Services
0,CINT,CI&T Inc Class A Common Shares,591412862.00,,2021,EDP Services
0,CLBT,Cellebrite DI Ltd. Ordinary Shares,2249029347.00,Israel,,Computer Software: Prepackaged Software
0,CLMB,Climb Global Solutions Inc. Common Stock,251975874.00,United States,,Retail: Computer Software & Peripheral Equipment
0,CLPS,CLPS Incorporation Common Stock,23795093.00,China,2018,Computer Software: Prepackaged Software
0,CLRO,ClearOne Inc. (DE) Common Stock,18211759.00,United States,,Radio And Television Broadcasting And Communications Equipment
0,CLS,Celestica Inc. Common Stock,7057432483.00,Canada,1998,Electrical Products
0,CLVT,Clarivate Plc Ordinary Shares,3752154180.00,United Kingdom,2019,EDP Services
0,CMBM,Cambium Networks Corporation Ordinary Shares,89824286.00,Cayman Islands,2019,Radio And Television Broadcasting And Communications Equipment
0,CMCM,Cheetah Mobile Inc. American Depositary Shares each representing fifty (50) Class A Ordinary Shares,169737644.00,China,2022,Computer Software: Prepackaged Software
0,CMTL,Comtech Telecommunications Corp. Common Stock,71469293.00,United States,,Radio And Television Broadcasting And Communications Equipment
0,CNET,ZW Data Action Technologies Inc. Common Stock,5547470.00,China,,Computer Software: Programming Data Processing
0,CNXC,Concentrix Corporation Common Stock,4006369160.00,United States,,Computer Software: Prepackaged Software
0,COHR,Coherent Corp. Common Stock,8969281395.00,United States,,Electronic Components
0,COMM,CommScope Holding Company Inc. Common Stock,260038906.00,United States,2013,Radio And Television Broadcasting And Communications Equipment
0,COMP,Compass Inc. Class A Common Stock,1874125332.00,United States,2021,EDP Services
0,COUR,Coursera Inc. Common Stock,1199720151.00,United States,2021,Computer Software: Prepackaged Software
0,CRCT,Cricut Inc. Class A Common Stock,1317623941.00,United States,2021,Industrial Machinery/Components
0,CRDO,Credo Technology Group Holding Ltd Ordinary Shares,3317248823.00,United States,2022,Semiconductors
0,CREX,Creative Realities Inc. Common Stock,36538235.00,United States,,EDP Services
0,CRKN,Crown Electrokinetics Corp. Common Stock,24358786.00,United States,,Industrial Machinery/Components
0,CRM,Salesforce Inc. Common Stock,263704200000.00,United States,2004,Computer Software: Prepackaged Software
0,CRNC,Cerence Inc. Common Stock,162931244.00,United States,,Computer Software: Prepackaged Software
0,CRNT,Ceragon Networks Ltd. Ordinary Shares,219952177.00,Israel,,Radio And Television Broadcasting And Communications Equipment
0,CRSR,Corsair Gaming Inc. Common Stock,1181406251.00,United States,2020,Computer peripheral equipment
0,CRUS,Cirrus Logic Inc. Common Stock,6184531006.00,United States,1989,Semiconductors
0,CRWD,CrowdStrike Holdings Inc. Class A Common Stock,84641936867.00,United States,2019,Computer Software: Prepackaged Software
0,CSGS,CSG Systems International Inc. Common Stock,1265175917.00,United States,1996,EDP Services
0,CSIQ,Canadian Solar Inc. Common Shares (ON),1305642754.00,Canada,2006,Semiconductors
0,CSPI,CSP Inc. Common Stock,145430649.00,United States,1982,EDP Services
0,CTS,CTS Corporation Common Stock,1617747042.00,United States,,Industrial Machinery/Components
0,CTSH,Cognizant Technology Solutions Corporation Class A Common Stock,32944396994.00,United States,1998,EDP Services
0,CVLT,Commvault Systems Inc. Common Stock,4818837124.00,United States,2006,Computer Software: Prepackaged Software
0,CVV,CVD Equipment Corporation Common Stock,30164339.00,United States,,Industrial Machinery/Components
0,CW,Curtiss-Wright Corporation Common Stock,10613360408.00,United States,,Industrial Machinery/Components
0,CWAN,Clearwater Analytics Holdings Inc. Class A Common Stock,4605961097.00,United States,2021,Computer Software: Prepackaged Software
0,CXAI,CXApp Inc. Class A Common Stock,34780007.00,United States,2021,EDP Services
0,CXM,Sprinklr Inc. Class A Common Stock,3252436786.00,United States,2021,Computer Software: Prepackaged Software
0,CYBR,CyberArk Software Ltd. Ordinary Shares,9948596308.00,Israel,2014,Computer Software: Prepackaged Software
0,CYN,Cyngn Inc. Common Stock,15215842.00,United States,2021,EDP Services
0,DADA,Dada Nexus Limited American Depositary Shares,444971162.00,China,2020,Computer Software: Programming Data Processing
0,DAVA,Endava plc American Depositary Shares (each representing one Class A Ordinary Share),1640705597.00,United Kingdom,2018,EDP Services
0,DAY,Dayforce Inc. Common Stock,8411333000.00,United States,2018,EDP Services
0,DBX,Dropbox Inc. Class A Common Stock,7632392865.00,United States,2018,Computer Software: Prepackaged Software
0,DCBO,Docebo Inc. Common Shares,1151180783.00,Canada,,Computer Software: Prepackaged Software
0,DDD,3D Systems Corporation Common Stock,471689363.00,United States,,Computer Software: Prepackaged Software
0,DDI,DoubleDown Interactive Co. Ltd. American Depository Shares,602569830.00,South Korea,2021,EDP Services
0,DDOG,Datadog Inc. Class A Common Stock,40631570694.00,United States,2019,EDP Services
0,DELL,Dell Technologies Inc. Class C Common Stock ,126055373161.00,United States,2018,Computer Manufacturing
0,DGLY,Digital Ally Inc. Common Stock,8409092.00,United States,,Radio And Television Broadcasting And Communications Equipment
0,DH,Definitive Healthcare Corp. Class A Common Stock,624464305.00,United States,2021,Computer Software: Prepackaged Software
0,DIOD,Diodes Incorporated Common Stock,3331918585.00,United States,,Semiconductors
0,DJT,Trump Media & Technology Group Corp. Common Stock,9100080025.00,United States,2024,Computer Software: Programming Data Processing
0,DLB,Dolby Laboratories Common Stock,7511102140.00,United States,2005,EDP Services
0,DMRC,Digimarc Corporation Common Stock,569599058.00,United States,,EDP Services
0,DOCN,DigitalOcean Holdings Inc. Common Stock,3297961385.00,United States,2021,Computer Software: Programming Data Processing
0,DOCS,Doximity Inc. Class A Common Stock,5273511259.00,United States,2021,EDP Services
0,DOCU,DocuSign Inc. Common Stock,12007541366.00,United States,1989,Computer Software: Prepackaged Software
0,DOMO,Domo Inc. Class B Common Stock,257471292.00,United States,2018,Computer Software: Prepackaged Software
0,DOX,Amdocs Limited Ordinary Shares,9194788358.00,Guernsey,,EDP Services
0,DOYU,DouYu International Holdings Limited ADS,323315566.00,China,2019,Computer Software: Programming Data Processing
0,DQ,DAQO New Energy Corp. American Depositary Shares each representing five ordinary shares,1413219526.00,China,2010,Semiconductors
0,DSP,Viant Technology Inc. Class A Common Stock,617167425.00,United States,2021,Computer Software: Programming Data Processing
0,DT,Dynatrace Inc. Common Stock,13722182482.00,United States,2019,Computer Software: Prepackaged Software
0,DTSS,Datasea Inc. Common Stock,15075664.00,China,,Computer Software: Prepackaged Software
0,DTST,Data Storage Corporation Common Stock,53815680.00,United States,,EDP Services
0,DUOL,Duolingo Inc. Class A Common Stock,8460559552.00,United States,2021,Computer Software: Prepackaged Software
0,DUOT,Duos Technologies Group Inc. Common Stock,16419729.00,United States,,Computer Software: Prepackaged Software
0,DV,DoubleVerify Holdings Inc. Common Stock,3232350037.00,United States,2021,Computer Software: Programming Data Processing
0,DXC,DXC Technology Company Common Stock ,2767747227.00,United States,,EDP Services
0,EA,Electronic Arts Inc. Common Stock,35209939077.00,United States,,Computer Software: Prepackaged Software
0,EB,Eventbrite Inc. Class A Common Stock,473922537.00,United States,2018,Computer Software: Programming Data Processing
0,EBON,Ebang International Holdings Inc. Class A Ordinary Shares,55132678.00,China,2020,Semiconductors
0,ECX,ECARX Holdings Inc. Class A Ordinary shares,388642460.00,China,,EDP Services
0,EGAN,eGain Corporation Common Stock,178661951.00,United States,1999,Computer Software: Prepackaged Software
0,EGHT,8x8 Inc Common Stock,341650066.00,United States,,EDP Services
0,ELTK,Eltek Ltd. Ordinary Shares,73813696.00,Israel,1997,Electrical Products
0,ELWS,Earlyworks Co. Ltd. American Depositary Shares,6290379.00,Japan,2023,EDP Services
0,EMR,Emerson Electric Company Common Stock,63394401000.00,United States,,Consumer Electronics/Appliances
0,ENPH,Enphase Energy Inc. Common Stock,17278606972.00,United States,2012,Semiconductors
0,ENS,EnerSys Common Stock,4307837802.00,United States,2004,Industrial Machinery/Components
0,ENTG,Entegris Inc. Common Stock,19583289118.00,United States,2000,Semiconductors
0,EPAM,EPAM Systems Inc. Common Stock,10321757013.00,United States,2012,EDP Services
0,ERIC,Ericsson American Depositary Shares,19596729167.00,Sweden,,Radio And Television Broadcasting And Communications Equipment
0,ERII,Energy Recovery Inc. Common Stock,760771130.00,United States,2008,Industrial Machinery/Components
0,ESP,Espey Mfg. & Electronics Corp. Common Stock,57510976.00,United States,1960,Industrial Machinery/Components
0,ESTC,Elastic N.V. Ordinary Shares,10246076638.00,United States,2018,Computer Software: Prepackaged Software
0,ETWO,E2open Parent Holdings Inc.Class A Common Stock,1443738845.00,United States,2020,EDP Services
0,EVCM,EverCommerce Inc. Common Stock,1852883182.00,United States,2021,Computer Software: Prepackaged Software
0,EVER,EverQuote Inc. Class A Common Stock,849902623.00,United States,2018,Computer Software: Programming Data Processing
0,EVGO,EVgo Inc. Class A Common Stock,616299065.00,United States,,EDP Services
0,EVLV,Evolv Technologies Holdings Inc. Class A Common Stock,422994675.00,United States,2020,Computer peripheral equipment
0,EVTC,Evertec Inc. Common Stock,2267212077.00,Puerto Rico,2013,EDP Services
0,EXFY,Expensify Inc. Class A Common Stock,142714848.00,United States,2021,Computer Software: Prepackaged Software
0,EXLS,ExlService Holdings Inc. Common Stock,4837408107.00,United States,2006,Retail: Computer Software & Peripheral Equipment
0,FAAS,DigiAsia Corp. Ordinary Shares,503742247.00,United States,2021,Computer Software: Prepackaged Software
0,FDS,FactSet Research Systems Inc. Common Stock,16015701709.00,United States,2000,Computer Software: Programming Data Processing
0,FFIV,F5 Inc. Common Stock,9907969184.00,United States,1999,EDP Services
0,FIVN,Five9 Inc. Common Stock,3528370785.00,United States,2014,EDP Services
0,FLEX,Flex Ltd. Ordinary Shares,13471032667.00,Singapore,1994,Electrical Products
0,FLUT,Flutter Entertainment plc Ordinary Shares,32965976902.00,,2024,Computer Software: Programming Data Processing
0,FNGR,FingerMotion Inc. Common Stock,168145120.00,United States,,Computer Software: Prepackaged Software
0,FORA,Forian Inc. Common Stock,83765750.00,United States,,EDP Services
0,FORM,FormFactor Inc. FormFactor Inc. Common Stock,4386345130.00,United States,2003,Semiconductors
0,FORTY,Formula Systems (1985) Ltd. American Depositary Shares,1203662273.00,Israel,,EDP Services
0,FROG,JFrog Ltd. Ordinary Shares,3702544093.00,United States,2020,Computer Software: Prepackaged Software
0,FRSH,Freshworks Inc. Class A Common Stock,4123716690.00,United States,2021,Computer Software: Prepackaged Software
0,FRSX,Foresight Autonomous Holdings Ltd. American Depositary Shares,17318307.00,Israel,,Computer Software: Prepackaged Software
0,FSLR,First Solar Inc. Common Stock,30123596416.00,United States,2006,Semiconductors
0,FSLY,Fastly Inc. Class A Common Stock,1105777000.00,United States,2019,Computer Software: Prepackaged Software
0,FTCI,FTC Solar Inc. Common Stock,60986514.00,United States,2021,Semiconductors
0,FTFT,Future FinTech Group Inc. Common Stock,15988328.00,China,,EDP Services
0,FTNT,Fortinet Inc. Common Stock,45607099078.00,United States,2009,Computer peripheral equipment
0,GB,Global Blue Group Holding AG Ordinary Shares,939170925.00,,2000,EDP Services
0,GCTS,GCT Semiconductor Holding Inc. Common Stock,220272787.00,,2021,Semiconductors
0,GDDY,GoDaddy Inc. Class A Common Stock,19678163152.00,United States,2015,EDP Services
0,GDEV,GDEV Inc. Ordinary Shares,442716752.00,Cyprus,,EDP Services
0,GDRX,GoodRx Holdings Inc. Class A Common Stock,2692096679.00,United States,2020,EDP Services
0,GDS,GDS Holdings Limited ADS,1479365835.00,China,2016,Computer Software: Programming Data Processing
0,GDYN,Grid Dynamics Holdings Inc. Class A Common Stock,757559702.00,United States,2018,Computer Software: Prepackaged Software
0,GE,GE Aerospace Common Stock,180599155473.00,United States,,Consumer Electronics/Appliances
0,GEG,Great Elm Group Inc. Common Stock,57056760.00,United States,,Computer Software: Prepackaged Software
0,GEN,Gen Digital Inc. Common Stock,15368751042.00,United States,,Computer Software: Prepackaged Software
0,GFS,GlobalFoundries Inc. Ordinary Shares,27074041973.00,United States,2021,Semiconductors
0,GIGM,GigaMedia Limited Ordinary Shares,14257383.00,Taiwan,,Computer Software: Programming Data Processing
0,GILT,Gilat Satellite Networks Ltd. Ordinary Shares,308171945.00,Israel,,Radio And Television Broadcasting And Communications Equipment
0,GLBE,Global-E Online Ltd. Ordinary Shares,5215247334.00,Israel,2021,Computer Software: Prepackaged Software
0,GLOB,Globant S.A. Common Shares,7099757548.00,United States,2014,EDP Services
0,GMGI,Golden Matrix Group Inc. Common Stock,690122456.00,United States,,Computer Software: Prepackaged Software
0,GMM,Global Mofy Metaverse Limited Ordinary Shares,25976376.00,China,2023,Computer Software: Programming Data Processing
0,GOOG,Alphabet Inc. Class C Capital Stock,2198055670000.00,United States,2004,Computer Software: Programming Data Processing
0,GOOGL,Alphabet Inc. Class A Common Stock,2178963795800.00,United States,2004,Computer Software: Programming Data Processing
0,GRND,Grindr Inc. Common Stock,1643448054.00,Singapore,2021,Computer Software: Programming Data Processing
0,GROM,Grom Social Enterprises Inc. Common Stock,4330376.00,United States,,Computer Software: Programming Data Processing
0,GRRR,Gorilla Technology Group Inc. Ordinary shares,53410693.00,Taiwan,,Computer Software: Prepackaged Software
0,GRYP,Gryphon Digital Mining Inc Common Stock,48304805.00,United States,2018,EDP Services
0,GSIT,GSI Technology Common Stock,67284825.00,United States,2007,Semiconductors
0,GTLB,GitLab Inc. Class A Common Stock,8424832000.00,United States,2021,Computer Software: Prepackaged Software
0,GWRE,Guidewire Software Inc. Common Stock,10029065770.00,United States,2012,Computer Software: Prepackaged Software
0,GXAI,Gaxos.ai Inc. Common Stock,4002840.00,United States,2023,Computer Software: Prepackaged Software
0,HCAT,Health Catalyst Inc Common Stock,384907783.00,United States,2019,Computer Software: Programming Data Processing
0,HCTI,Healthcare Triangle Inc. Common Stock,3851427.00,United States,2021,EDP Services
0,HIMX,Himax Technologies Inc. American Depositary Shares,1129259014.00,Taiwan,2006,Semiconductors
0,HKIT,Hitek Global Inc. Class A Ordinary Share,21588546.00,China,2023,Computer Software: Prepackaged Software
0,HLIT,Harmonic Inc. Common Stock,1384521170.00,United States,1995,Radio And Television Broadcasting And Communications Equipment
0,HOLO,MicroCloud Hologram Inc. Ordinary Shares,9031224.00,United States,2021,Computer Software: Programming Data Processing
0,HPE,Hewlett Packard Enterprise Company Common Stock,23754275376.00,United States,2015,Retail: Computer Software & Peripheral Equipment
0,HPQ,HP Inc. Common Stock,32535782740.00,United States,,Computer Manufacturing
0,HSTM,HealthStream Inc. Common Stock,821654859.00,United States,2000,Computer Software: Programming Data Processing
0,HTCR,Heartcore Enterprises Inc. Common Stock,16482674.00,Japan,2022,EDP Services
0,HUBB,Hubbell Inc Common Stock,20902911362.00,United States,2015,Industrial Machinery/Components
0,HUBS,HubSpot Inc. Common Stock,32862112120.00,United States,2014,Computer Software: Prepackaged Software
0,HUYA,HUYA Inc. American depositary shares each  representing one Class A ordinary share,1222522270.00,United States,2018,Computer Software: Programming Data Processing
0,IAC,IAC Inc. Common Stock,4163084171.00,United States,,Computer Software: Programming Data Processing
0,IAS,Integral Ad Science Holding Corp. Common Stock,1566101891.00,United States,2021,Computer Software: Programming Data Processing
0,IBEX,IBEX Limited Common Shares,264586035.00,Bermuda,2020,EDP Services
0,IBM,International Business Machines Corporation Common Stock,154141527355.00,United States,,Computer Manufacturing
0,ICCT,iCoreConnect Inc. Common stock,9948753.00,United States,,Computer Software: Prepackaged Software
0,ICG,Intchains Group Limited American Depositary Shares,506476235.00,China,2023,Semiconductors
0,ICHR,Ichor Holdings Ordinary Shares,1278416437.00,United States,2016,Semiconductors
0,IDAI,T Stamp Inc. Class A Common Stock,6127751.00,United States,,Computer Software: Prepackaged Software
0,IDN,Intellicheck Inc. Common Stock,60739620.00,United States,1999,Computer Software: Prepackaged Software
0,IFBD,Infobird Co. Ltd Ordinary Shares,5559855.00,China,2021,Computer Software: Prepackaged Software
0,IMMR,Immersion Corporation Common Stock,316796354.00,United States,1999,Computer peripheral equipment
0,IMOS,ChipMOS TECHNOLOGIES INC. American Depositary Shares,1009772907.00,Taiwan,,Semiconductors
0,INDI,indie Semiconductor Inc. Class A Common Stock,1244772269.00,United States,,Semiconductors
0,INFA,Informatica Inc. Class A Common Stock,8806538250.00,United States,2021,Computer Software: Prepackaged Software
0,INFY,Infosys Limited American Depositary Shares,71787994909.00,India,,EDP Services
0,INLX,Intellinetics Inc. Common Stock,27054051.00,,2022,EDP Services
0,INOD,Innodata Inc. Common Stock,365736557.00,United States,1993,EDP Services
0,INSE,Inspired Entertainment Inc. Common Stock,241798903.00,United States,2014,Computer Software: Prepackaged Software
0,INTA,Intapp Inc. Common Stock,2716929314.00,United States,2021,Computer Software: Prepackaged Software
0,INTC,Intel Corporation Common Stock,128774250000.00,United States,,Semiconductors
0,INTT,inTest Corporation Common Stock,124147041.00,United States,1997,Semiconductors
0,INTU,Intuit Inc. Common Stock,167426289240.00,United States,1993,Computer Software: Prepackaged Software
0,INVE,Identiv Inc. Common Stock,104753416.00,United States,,Computer peripheral equipment
0,IONQ,IonQ Inc. Common Stock,1726529479.00,United States,2021,EDP Services
0,IOT,Samsara Inc. Class A Common Stock,20782230830.00,United States,2021,EDP Services
0,IPDN,Professional Diversity Network Inc. Common Stock,7824686.00,United States,2013,Computer Software: Programming Data Processing
0,IPGP,IPG Photonics Corporation Common Stock,3811096156.00,United States,2006,Semiconductors
0,IPWR,Ideal Power Inc. Common Stock,59053369.00,United States,2013,Semiconductors
0,IREN,Iris Energy Limited Ordinary Shares,516595857.00,Australia,2021,EDP Services
0,ISSC,Innovative Solutions and Support Inc. Common Stock,110735153.00,United States,2000,EDP Services
0,ITRN,Ituran Location and Control Ltd. Ordinary Shares,546476643.00,Israel,2005,Electronic Components
0,IVDA,Iveda Solutions Inc. Common Stock,11226225.00,United States,,Computer Software: Prepackaged Software
0,JAMF,Jamf Holding Corp. Common Stock,2059755432.00,United States,2020,Computer Software: Prepackaged Software
0,JBL,Jabil Inc. Common Stock,14175611509.00,United States,1993,Electrical Products
0,JG,Aurora Mobile Limited American Depositary Shares,18880470.00,China,2018,Computer Software: Programming Data Processing
0,JKHY,Jack Henry & Associates Inc. Common Stock,11793037206.00,United States,1985,Retail: Computer Software & Peripheral Equipment
0,JKS,JinkoSolar Holding Company Limited American Depositary Shares (each representing 4 Common Shares),1540740516.00,China,2010,Semiconductors
0,JNPR,Juniper Networks Inc. Common Stock,11240583885.00,United States,1999,Computer peripheral equipment
0,KARO,Karooooo Ltd. Ordinary Shares,911061281.00,Singapore,2021,Computer Software: Prepackaged Software
0,KC,Kingsoft Cloud Holdings Limited American Depositary Shares,730614681.00,China,2020,Computer Software: Prepackaged Software
0,KD,Kyndryl Holdings Inc. Common Stock,6121899574.00,United States,2021,EDP Services
0,KE,Kimball Electronics Inc. Common Stock,558313675.00,United States,,Electrical Products
0,KIND,Nextdoor Holdings Inc. Class A Common Stock,960092984.00,United States,,Computer Software: Programming Data Processing
0,KLAC,KLA Corporation Common Stock,104602451132.00,United States,1980,Electronic Components
0,KLIC,Kulicke and Soffa Industries Inc. Common Stock,2525261441.00,Singapore,,Semiconductors
0,KLTR,Kaltura Inc. Common Stock,171151531.00,United States,2021,Computer Software: Prepackaged Software
0,KOPN,Kopin Corporation Common Stock,97229388.00,United States,1992,Semiconductors
0,KTCC,Key Tronic Corporation Common Stock,44231290.00,United States,1983,Electrical Products
0,KULR,KULR Technology Group Inc. Common Stock,59625846.00,United States,,Electrical Products
0,KVHI,KVH Industries Inc. Common Stock,101144214.00,United States,1996,Radio And Television Broadcasting And Communications Equipment
0,KVYO,Klaviyo Inc. Series A Common Stock,6149687460.00,United States,2023,Computer Software: Prepackaged Software
0,KWE,KWESST Micro Systems Inc. Common Stock,2645840.00,Canada,,Computer Software: Prepackaged Software
0,LAES,SEALSQ Corp Ordinary Shares,19462977.00,Switzerland,,Semiconductors
0,LASR,nLIGHT Inc. Common Stock,614066784.00,United States,2018,Semiconductors
0,LAW,CS Disco Inc. Common Stock,376649305.00,United States,2021,Computer Software: Prepackaged Software
0,LCFY,Locafy Limited Ordinary Share,3828744.00,Australia,2022,Computer Software: Programming Data Processing
0,LDOS,Leidos Holdings Inc. Common Stock,19727362957.00,United States,,EDP Services
0,LDTC,LeddarTech Holdings Inc. Common Shares,63296160.00,United States,2021,Computer Software: Prepackaged Software
0,LEDS,SemiLEDS Corporation Common Stock,10260590.00,Taiwan,2010,Semiconductors
0,LFLY,Leafly Holdings Inc. Common Stock,3689545.00,United States,2019,Computer Software: Prepackaged Software
0,LGCL,Lucas GC Limited Ordinary Shares,215616543.00,China,2024,Computer Software: Programming Data Processing
0,LGL,LGL Group Inc. (The) Common Stock,27353508.00,United States,1946,Industrial Machinery/Components
0,LINK,Interlink Electronics Inc. Common Stock,45336000.00,United States,,Computer peripheral equipment
0,LNW,Light & Wonder Inc. Common Stock,8468438982.00,United States,,EDP Services
0,LOGI,Logitech International S.A. Ordinary Shares,15189611470.00,United States,1997,Computer peripheral equipment
0,LPL,LG Display Co Ltd AMERICAN DEPOSITORY SHARES,3475000000.00,South Korea,2004,Industrial Machinery/Components
0,LPSN,LivePerson Inc. Common Stock,58777731.00,United States,2000,EDP Services
0,LPTH,LightPath Technologies Inc. Class A Common Stock,50841617.00,United States,1996,Semiconductors
0,LRCX,Lam Research Corporation Common Stock,124912566220.00,United States,1984,Industrial Machinery/Components
0,LSCC,Lattice Semiconductor Corporation Common Stock,10592448187.00,United States,,Semiconductors
0,LSPD,Lightspeed Commerce Inc. Subordinate Voting Shares,2362167146.00,Canada,,Computer Software: Prepackaged Software
0,LTRY,Lottery.com Inc. Common Stock,,United States,2023,Computer Software: Prepackaged Software
0,LYFT,Lyft Inc. Class A Common Stock,6401267949.00,United States,2019,EDP Services
0,LZ,LegalZoom.com Inc. Common Stock,1628834900.00,United States,2021,EDP Services
0,MANH,Manhattan Associates Inc. Common Stock,13604481348.00,United States,1998,Computer Software: Prepackaged Software
0,MAPS,WM Technology Inc. Class A Common Stock ,143447752.00,United States,2019,Computer Software: Prepackaged Software
0,MARA,Marathon Digital Holdings Inc. Common Stock,5547834054.00,United States,,EDP Services
0,MAXN,Maxeon Solar Technologies Ltd. Ordinary Shares,169933935.00,Singapore,,Semiconductors
0,MBLY,Mobileye Global Inc. Class A Common Stock,2463641902.00,Israel,2022,Computer Software: Prepackaged Software
0,MCHP,Microchip Technology Incorporated Common Stock,51551793336.00,United States,1993,Semiconductors
0,MDB,MongoDB Inc. Class A Common Stock,24289174518.00,United States,2017,Computer Software: Prepackaged Software
0,MEI,Methode Electronics Inc. Common Stock,416546185.00,United States,,Electrical Products
0,META,Meta Platforms Inc. Class A Common Stock,1204942519422.00,United States,2012,Computer Software: Programming Data Processing
0,MFI,mF International Limited Ordinary Shares,13556455.00,Hong Kong,2024,EDP Services
0,MGIC,Magic Software Enterprises Ltd. Ordinary Shares,525362564.00,Israel,1991,Computer Software: Prepackaged Software
0,MGNI,Magnite Inc. Common Stock,1699887196.00,United States,,Computer Software: Programming Data Processing
0,MITK,Mitek Systems Inc. Common Stock,593777533.00,United States,,Computer peripheral equipment
0,MKTW,MarketWise Inc. Class A Common Stock,433574996.00,United States,,Computer Software: Prepackaged Software
0,MLGO,MicroAlgo Inc. Ordinary Shares,14391868.00,United States,2021,EDP Services
0,MLNK,MeridianLink Inc. Common Stock,1455547089.00,United States,2021,Computer Software: Prepackaged Software
0,MNDO,MIND C.T.I. Ltd. Ordinary Shares,38039946.00,Israel,,EDP Services
0,MNDR,Mobile-health Network Solutions Class A Ordinary Shares,58459600.00,Singapore,2024,Computer Software: Prepackaged Software
0,MNDY,monday.com Ltd. Ordinary Shares,11666883148.00,Israel,2021,Computer Software: Prepackaged Software
0,MOBX,Mobix Labs Inc. Class A Common Stock,57640679.00,United States,2021,Semiconductors
0,MOMO,Hello Group Inc. American Depositary Shares,1008041454.00,China,2014,Computer Software: Prepackaged Software
0,MPTI,M-tron Industries Inc. Common Stock,102092162.00,,2022,Industrial Machinery/Components
0,MPWR,Monolithic Power Systems Inc. Common Stock,36537583680.00,United States,2004,Semiconductors
0,MQ,Marqeta Inc. Class A Common Stock,2779671459.00,United States,2021,Computer Software: Prepackaged Software
0,MRAM,Everspin Technologies Inc. Common Stock,128266084.00,United States,2016,Semiconductors
0,MRIN,Marin Software Incorporated Common Stock,7890157.00,United States,,EDP Services
0,MRVL,Marvell Technology Inc. Common Stock,65989200000.00,United States,2000,Semiconductors
0,MSAI,MultiSensor AI Holdings Inc. Common Stock,31082112.00,United States,2021,Electronic Components
0,MSFT,Microsoft Corporation Common Stock,3193290184392.00,United States,1986,Computer Software: Prepackaged Software
0,MSGM,Motorsport Games Inc. Class A Common Stock,8693729.00,United States,2021,Computer Software: Prepackaged Software
0,MSI,Motorola Solutions Inc. Common Stock,59861550883.00,United States,,Radio And Television Broadcasting And Communications Equipment
0,MSTR,MicroStrategy Incorporated Common Stock Class A,29134439915.00,United States,1998,Computer Software: Prepackaged Software
0,MTC,MMTec Inc. Common Shares,82127415.00,China,2019,Computer Software: Prepackaged Software
0,MTCH,Match Group Inc. Common Stock,7833224371.00,United States,,Computer Software: Programming Data Processing
0,MTLS,Materialise NV American Depositary Shares,298289289.00,Belgium,2014,Computer Software: Prepackaged Software
0,MTSI,MACOM Technology Solutions Holdings Inc. Common Stock,7367128972.00,United States,2012,Semiconductors
0,MU,Micron Technology Inc. Common Stock,146382990461.00,United States,,Semiconductors
0,MULN,Mullen Automotive Inc. Common Stock,42511920.00,United States,,EDP Services
0,MVIS,MicroVision Inc. Common Stock,231458790.00,United States,1996,Industrial Machinery/Components
0,MX,Magnachip Semiconductor Corporation Common Stock,189616999.00,Luxembourg,2011,Semiconductors
0,MXL,MaxLinear Inc. Common Stock,1505448750.00,United States,2010,Semiconductors
0,MYPS,PLAYSTUDIOS Inc.  Class A Common Stock,301961117.00,United States,2020,Computer Software: Prepackaged Software
0,MYSZ,My Size Inc. Common Stock,2161848.00,Israel,,Retail: Computer Software & Peripheral Equipment
0,NA,Nano Labs Ltd Class A Ordinary Shares,32257404.00,China,2022,Semiconductors
0,NABL,N-able Inc. Common Stock,2544192348.00,United States,2021,Computer Software: Prepackaged Software
0,NCNO,nCino Inc. Common Stock,3436205659.00,United States,2020,Computer Software: Prepackaged Software
0,NEE,NextEra Energy Inc. Common Stock,157500465436.00,United States,,EDP Services
0,NEON,Neonode Inc. Common Stock,52237595.00,Sweden,,Industrial Machinery/Components
0,NET,Cloudflare Inc. Class A Common Stock,25552550202.00,United States,2019,Computer Software: Prepackaged Software
0,NEXN,Nexxen International Ltd. American Depository Shares,471372482.00,Israel,2021,Computer Software: Programming Data Processing
0,NICE,NICE Ltd American Depositary Shares,11956743830.00,Israel,,Computer Manufacturing
0,NNDM,Nano Dimension Ltd. American Depositary Shares,629894879.00,Israel,,Electrical Products
0,NOK,Nokia Corporation Sponsored American Depositary Shares,21219017360.00,Finland,1994,Radio And Television Broadcasting And Communications Equipment
0,NOW,ServiceNow Inc. Common Stock,150287550000.00,United States,2012,Computer Software: Prepackaged Software
0,NRDS,NerdWallet Inc. Class A Common Stock,1054126005.00,United States,2021,EDP Services
0,NSYS,Nortech Systems Incorporated Common Stock,32032587.00,United States,,Industrial Machinery/Components
0,NTAP,NetApp Inc. Common Stock,2427815028.00,United States,1995,Electronic Components
0,NTCT,NetScout Systems Inc. Common Stock,1459023017.00,United States,1999,EDP Services
0,NTES,NetEase Inc. American Depositary Shares,57575763266.00,China,,Computer Software: Prepackaged Software
0,NTNX,Nutanix Inc. Class A Common Stock,17836029118.00,United States,2016,EDP Services
0,NTWK,NetSol Technologies Inc. Common  Stock,29083362.00,United States,,Computer Software: Prepackaged Software
0,NVDA,NVIDIA Corporation Common Stock,2880000000000.00,United States,1999,Semiconductors
0,NVEC,NVE Corporation Common Stock,365836768.00,United States,,Semiconductors
0,NVMI,Nova Ltd. Ordinary Shares,6295712491.00,Israel,2000,Electronic Components
0,NVNI,Nvni Group Limited Ordinary Shares,34927006.00,Cayman Islands,,Computer Software: Prepackaged Software
0,NVTS,Navitas Semiconductor Corporation Common Stock,646327616.00,United States,,Semiconductors
0,NXPI,NXP Semiconductors N.V. Common Stock,70337329734.00,Netherlands,2010,Semiconductors
0,NXTT,Next Technology Holding Inc. Ordinary Shares,10290510.00,China,,EDP Services
0,NYAX,Nayax Ltd. Ordinary Shares,851498105.00,Israel,,Computer Software: Prepackaged Software
0,OBLG,Oblong Inc. Common Stock,4463069.00,United States,,Computer Software: Programming Data Processing
0,OCFT,OneConnect Financial Technology Co. Ltd. American Depositary Shares each representing thirty ordinary shares,81118658.00,China,2019,Computer Software: Programming Data Processing
0,OKTA,Okta Inc. Class A Common Stock,16187305662.00,United States,2017,Computer Software: Prepackaged Software
0,OLED,Universal Display Corporation Common Stock,8355991416.00,United States,,Electrical Products
0,OMCL,Omnicell Inc. Common Stock ($0.001 par value),1458070871.00,United States,2001,Computer Manufacturing
0,ON,ON Semiconductor Corporation Common Stock,30795998615.00,United States,,Semiconductors
0,ONDS,Ondas Holdings Inc. Common Stock,46688806.00,United States,,Radio And Television Broadcasting And Communications Equipment
0,ONFO,Onfolio Holdings Inc. Common Stock,5924578.00,United States,2022,EDP Services
0,ONTF,ON24 Inc. Common Stock,254541389.00,United States,2021,Computer Software: Prepackaged Software
0,OOMA,Ooma Inc. Common Stock,227040000.00,United States,2015,EDP Services
0,OPRA,Opera Limited American Depositary Shares,1292645055.00,Norway,2018,Computer Software: Prepackaged Software
0,OPTX,Syntec Optics Holdings Inc. Class A Common Stock,113733625.00,United States,2022,Electronic Components
0,OPXS,Optex Systems Holdings Inc. Common Stock,,United States,,Electronic Components
0,ORCL,Oracle Corporation Common Stock,339304053300.00,United States,1986,Computer Software: Prepackaged Software
0,OSIS,OSI Systems Inc. Common Stock (DE),2297142377.00,United States,1997,Industrial Machinery/Components
0,OSPN,OneSpan Inc. Common Stock,494640803.00,United States,,EDP Services
0,OSS,One Stop Systems Inc. Common Stock,47481113.00,United States,2018,Computer Manufacturing
0,OST,Ostin Technology Group Co. Ltd. Ordinary Shares,5742563.00,China,2022,Industrial Machinery/Components
0,OTEX,Open Text Corporation Common Shares,8071561650.00,Canada,1996,EDP Services
0,OTIS,Otis Worldwide Corporation Common Stock ,38414710273.00,United States,2020,Consumer Electronics/Appliances
0,PAGS,PagSeguro Digital Ltd. Class A Common Shares,3683032610.00,Cayman Islands,2018,EDP Services
0,PANW,Palo Alto Networks Inc. Common Stock,99620308000.00,United States,,Computer peripheral equipment
0,PATH,UiPath Inc. Class A Common Stock,10441374916.00,United States,2021,Computer Software: Prepackaged Software
0,PAYC,Paycom Software Inc. Common Stock,9555902074.00,United States,2014,Computer Software: Prepackaged Software
0,PCOR,Procore Technologies Inc. Common Stock,10091277142.00,United States,2021,Computer Software: Prepackaged Software
0,PCTY,Paylocity Holding Corporation Common Stock,8432804292.00,United States,2014,Computer Software: Prepackaged Software
0,PD,PagerDuty Inc. Common Stock,1790105687.00,United States,2019,Computer Software: Prepackaged Software
0,PDFS,PDF Solutions Inc. Common Stock,1374851207.00,United States,2001,Computer Software: Prepackaged Software
0,PEGA,Pegasystems Inc. Common Stock,5036395903.00,United States,1996,EDP Services
0,PERF,Perfect Corp. Class A Ordinary Share,211845236.00,Taiwan,2022,Computer Software: Prepackaged Software
0,PERI,Perion Network Ltd. Ordinary Shares,585974310.00,Israel,2006,EDP Services
0,PHUN,Phunware Inc. Common Stock,56994707.00,Greece,2016,EDP Services
0,PI,Impinj Inc. Common Stock,4447928957.00,United States,2016,Industrial Machinery/Components
0,PINS,Pinterest Inc. Class A Common Stock,28638481915.00,United States,2019,Computer Software: Programming Data Processing
0,PL,Planet Labs PBC Class A Common Stock,537647342.00,United States,2021,Radio And Television Broadcasting And Communications Equipment
0,PLAB,Photronics Inc. Common Stock,1698513072.00,United States,1987,Semiconductors
0,PLTK,Playtika Holding Corp. Common Stock,3173145426.00,Israel,2021,EDP Services
0,PLTR,Palantir Technologies Inc. Class A Common Stock,46508732129.00,United States,2020,Computer Software: Prepackaged Software
0,PLUS,ePlus inc. Common Stock,2013579064.00,United States,1996,Retail: Computer Software & Peripheral Equipment
0,PLXS,Plexus Corp. Common Stock,3020187770.00,United States,,Electrical Products
0,PODC,PodcastOne Inc. Common Stock,43985258.00,United States,,Computer Software: Programming Data Processing
0,POET,POET Technologies Inc. Common Shares,96096148.00,Canada,,Semiconductors
0,POWI,Power Integrations Inc. Common Stock,4255021719.00,United States,1997,Semiconductors
0,PRCH,Porch Group Inc. Common Stock,205812542.00,United States,2020,Computer Software: Prepackaged Software
0,PRGS,Progress Software Corporation Common Stock (DE),2152260683.00,United States,1991,Computer Software: Prepackaged Software
0,PRO,PROS Holdings Inc. Common Stock,1443503926.00,United States,2007,EDP Services
0,PRSO,Peraso Inc. Common Stock,3373686.00,United States,,Semiconductors
0,PRST,Presto Automation Inc. Common Stock,9541531.00,United States,2021,Computer Software: Prepackaged Software
0,PSN,Parsons Corporation Common Stock,11377352670.00,United States,2019,EDP Services
0,PSTG,Pure Storage Inc. Class A Common Stock,20401118239.00,United States,2015,Electronic Components
0,PT,Pintec Technology Holdings Limited American Depositary Shares,17622497.00,China,2018,Computer Software: Programming Data Processing
0,PTC,PTC Inc. Common Stock,21208504610.00,United States,,Computer Software: Prepackaged Software
0,PUBM,PubMatic Inc. Class A Common Stock,1182516134.00,United States,2020,Computer Software: Programming Data Processing
0,PXLW,Pixelworks Inc.  Common Stock,57344845.00,United States,2000,Semiconductors
0,QBTS,D-Wave Quantum Inc. Common Shares,241490656.00,,2022,EDP Services
0,QCOM,QUALCOMM Incorporated Common Stock,233255160000.00,United States,1991,Radio And Television Broadcasting And Communications Equipment
0,QLYS,Qualys Inc. Common Stock,5220256506.00,United States,2012,EDP Services
0,QMCO,Quantum Corporation Common Stock,42663729.00,United States,,Electronic Components
0,QRVO,Qorvo Inc. Common Stock,9253071232.00,United States,,Semiconductors
0,QTWO,Q2 Holdings Inc. Common Stock,3761628456.00,United States,2014,Computer Software: Prepackaged Software
0,QUBT,Quantum Computing Inc. Common Stock,65211083.00,United States,,Computer Software: Prepackaged Software
0,QUIK,QuickLogic Corporation Common Stock,191695266.00,United States,1999,Semiconductors
0,RAMP,LiveRamp Holdings Inc. Common Stock,2072600434.00,United States,2018,EDP Services
0,RBBN,Ribbon Communications Inc. Common Stock,550424792.00,United States,,EDP Services
0,RBLX,Roblox Corporation Class A Common Stock,21200000000.00,United States,2021,Computer Software: Prepackaged Software
0,RBRK,Rubrik Inc. Class A Common Stock,5785530792.00,,2024,Computer Software: Prepackaged Software
0,RCAT,Red Cat Holdings Inc. Common Stock,74281520.00,United States,,Computer Software: Prepackaged Software
0,RDCM,Radcom Ltd. Ordinary Shares,139206984.00,Israel,1997,Computer peripheral equipment
0,RDDT,Reddit Inc. Class A Common Stock,9431213886.00,,2024,EDP Services
0,RDVT,Red Violet Inc. Common Stock ,286625085.00,United States,,Computer Software: Prepackaged Software
0,RELL,Richardson Electronics Ltd. Common Stock,164130679.00,United States,1983,Electronic Components
0,RFIL,RF Industries Ltd. Common Stock,33227855.00,United States,,Electrical Products
0,RGTI,Rigetti Computing Inc. Common Stock,183953647.00,United States,,EDP Services
0,RIOT,Riot Platforms Inc. Common Stock ,2900844783.00,United States,,Retail: Computer Software & Peripheral Equipment
0,RMBL,RumbleOn Inc. Class B Common Stock,195325110.00,United States,,EDP Services
0,RMBS,Rambus Inc. Common Stock,5949507847.00,United States,1997,Semiconductors
0,RNG,RingCentral Inc. Class A Common Stock,3178166037.00,United States,2013,EDP Services
0,ROG,Rogers Corporation Common Stock,2183476000.00,United States,1960,Industrial Machinery/Components
0,RPD,Rapid7 Inc. Common Stock,2346830817.00,United States,2015,Computer Software: Prepackaged Software
0,RUM,Rumble Inc. Class A Common Stock,2558016209.00,United States,2021,Computer Software: Programming Data Processing
0,RXT,Rackspace Technology Inc. Common Stock,416362017.00,United States,2020,Computer Software: Programming Data Processing
0,S,SentinelOne Inc. Class A Common Stock,6412510991.00,United States,2021,Computer Software: Prepackaged Software
0,SABR,Sabre Corporation Common Stock,1143887433.00,United States,2014,Computer Software: Programming Data Processing
0,SAIC,Science Applications International Corporation Common Stock,6852967556.00,United States,,EDP Services
0,SANM,Sanmina Corporation Common Stock,3732581681.00,United States,1993,Electrical Products
0,SAP,SAP  SE ADS,222520547236.00,Germany,,EDP Services
0,SATL,Satellogic Inc. Class A Ordinary Shares,104752623.00,Uruguay,,Radio And Television Broadcasting And Communications Equipment
0,SATX,SatixFy Communications Ltd. Ordinary Share,50699658.00,,2022,Radio And Television Broadcasting And Communications Equipment
0,SBET,SharpLink Gaming Inc. Common Stock,2676159.00,Israel,,Computer Software: Prepackaged Software
0,SCKT,Socket Mobile Inc. Common Stock,9961958.00,United States,,Computer Manufacturing
0,SCSC,ScanSource Inc. Common Stock,1191230725.00,United States,,Retail: Computer Software & Peripheral Equipment
0,SEDG,SolarEdge Technologies Inc. Common Stock,2818551953.00,Israel,2015,Semiconductors
0,SELX,Semilux International Ltd. Ordinary Shares,75605275.00,Taiwan,,Semiconductors
0,SEMR,SEMrush Holdings Inc. Class A Common Stock,2290699831.00,United States,2021,Computer Software: Prepackaged Software
0,SGMA,SigmaTron International Inc. Common Stock,26206048.00,United States,1994,Electrical Products
0,SGN,Signing Day Sports Inc. Common Stock,4306863.00,,2023,EDP Services
0,SHLS,Shoals Technologies Group Inc. Class A Common Stock,1418749072.00,United States,2021,Semiconductors
0,SHMD,SCHMID Group N.V. Class A Ordinary Shares,192527382.00,Cayman Islands,,Industrial Machinery/Components
0,SHOP,Shopify Inc. Class A Subordinate Voting Shares,74750286248.00,Canada,2015,Computer Software: Prepackaged Software
0,SIFY,Sify Technologies Limited American Depositary Shares,284165313.00,India,,Computer Software: Programming Data Processing
0,SIMO,Silicon Motion Technology Corporation American Depositary Shares,2573949400.00,Taiwan,2005,Semiconductors
0,SITM,SiTime Corporation Common Stock,2898967695.00,United States,2019,Semiconductors
0,SJ,Scienjoy Holding Corporation Class A Ordinary Shares ,44757388.00,China,2019,EDP Services
0,SKIL,Skillsoft Corp. Class A Common Stock,77782485.00,United States,2019,Computer Software: Prepackaged Software
0,SKLZ,Skillz Inc. Class A Common Stock,130187296.00,United States,2020,EDP Services
0,SKYT,SkyWater Technology Inc. Common Stock,365115303.00,United States,2021,Semiconductors
0,SLAB,Silicon Laboratories Inc. Common Stock,3908825495.00,United States,2000,Semiconductors
0,SLP,Simulations Plus Inc. Common Stock,968070736.00,United States,,EDP Services
0,SMCI,Super Micro Computer Inc. Common Stock,49375449132.00,United States,2020,Computer Manufacturing
0,SMRT,SmartRent Inc. Class A Common Stock,498515209.00,United States,,EDP Services
0,SMSI,Smith Micro Software Inc. Common Stock,21219496.00,United States,1995,Computer Software: Prepackaged Software
0,SMTC,Semtech Corporation Common Stock,2628367099.00,United States,,Semiconductors
0,SMWB,Similarweb Ltd. Ordinary Shares,611117322.00,,2021,Computer Software: Programming Data Processing
0,SMX,SMX (Security Matters) Public Limited Company Class A Ordinary Shares,6401852.00,Ireland,,Industrial Machinery/Components
0,SNAL,Snail Inc. Class A Common Stock,33062071.00,United States,2022,Computer Software: Prepackaged Software
0,SNAP,Snap Inc. Class A Common Stock,24935587453.00,United States,2017,Computer Software: Programming Data Processing
0,SNCR,Synchronoss Technologies Inc. Common Stock,93891931.00,United States,2018,EDP Services
0,SNOW,Snowflake Inc. Class A Common Stock,49782432000.00,United States,2020,Computer Software: Prepackaged Software
0,SNPS,Synopsys Inc. Common Stock,88906702285.00,United States,1992,Computer Software: Prepackaged Software
0,SNX,TD SYNNEX Corporation Common Stock,11358780396.00,United States,2003,Retail: Computer Software & Peripheral Equipment
0,SOGP,Sound Group Inc. American Depositary Shares,12334336.00,China,2020,Computer Software: Programming Data Processing
0,SOHU,Sohu.com Limited American Depositary Shares,401211024.00,China,,EDP Services
0,SOL,Emeren Group Ltd American Depositary Shares each representing 10 shares,106385094.00,China,2008,Semiconductors
0,SOUN,SoundHound AI Inc Class A Common Stock,1552892524.00,United States,,Computer Software: Prepackaged Software
0,SPCB,SuperCom Ltd. Ordinary Shares (Israel),2787129.00,Israel,,Semiconductors
0,SPNS,Sapiens International Corporation N.V. Common Shares (Cayman Islands),1883783309.00,Curacao,1992,Computer Software: Prepackaged Software
0,SPSC,SPS Commerce Inc. Common Stock,7132454685.00,United States,2010,Computer Software: Prepackaged Software
0,SPT,Sprout Social Inc Class A Common Stock,1857273629.00,United States,2019,EDP Services
0,SQNS,Sequans Communications S.A. American Depositary Shares,41495148.00,France,2011,Semiconductors
0,SRAD,Sportradar Group AG Class A Ordinary Shares,11286926060.00,Switzerland,2021,Computer Software: Programming Data Processing
0,SSNC,SS&C Technologies Holdings Inc. Common Stock,14995210285.00,United States,2010,Computer Software: Prepackaged Software
0,SST,System1 Inc. Class A Common Stock,130698135.00,United States,2020,Computer Software: Programming Data Processing
0,SSTI,SoundThinking Inc. Common Stock,207957627.00,United States,2017,Computer Software: Prepackaged Software
0,SSTK,Shutterstock Inc. Common Stock,1368139753.00,United States,2012,EDP Services
0,SSYS,Stratasys Ltd. Ordinary Shares (Israel),622028741.00,United States,1994,Computer peripheral equipment
0,STM,STMicroelectronics N.V. Common Stock,36629936612.00,Switzerland,,Semiconductors
0,STNE,StoneCo Ltd. Class A Common Shares,4283399013.00,Brazil,2018,EDP Services
0,STRM,Streamline Health Solutions Inc. Common Stock,26229984.00,United States,,EDP Services
0,STX,Seagate Technology Holdings PLC Ordinary Shares (Ireland),19771471172.00,Ireland,2002,Electronic Components
0,SVCO,Silvaco Group Inc. Common Stock,526524754.00,United States,2024,Computer Software: Prepackaged Software
0,SVRE,SaverOne 2014 Ltd. American Depositary Shares,7369832.00,Israel,2022,EDP Services
0,SWKS,Skyworks Solutions Inc. Common Stock,14478701364.00,United States,,Semiconductors
0,SY,So-Young International Inc. American Depository Shares,100010150.00,China,2019,EDP Services
0,SYNA,Synaptics Incorporated Common Stock $0.001 Par Value,3622516698.00,United States,2002,Semiconductors
0,TACT,TransAct Technologies Incorporated Common Stock,35132098.00,United States,1996,Computer peripheral equipment
0,TAIT,Taitron Components Incorporated Class A Common Stock,17461422.00,United States,1995,Electronic Components
0,TAOP,Taoping Inc. Ordinary Shares ,2313458.00,Hong Kong,,Computer Software: Prepackaged Software
0,TASK,TaskUs Inc. Class A Common Stock,1221039957.00,United States,2021,EDP Services
0,TBLA,Taboola.com Ltd. Ordinary Shares,1350079880.00,Israel,,Computer Software: Programming Data Processing
0,TBRG,TruBridge Inc. Common Stock,138817174.00,United States,2002,EDP Services
0,TCX,Tucows Inc. Class A Common Stock,226486943.00,Canada,,EDP Services
0,TDC,Teradata Corporation Common Stock,3075543500.00,United States,,EDP Services
0,TEAM,Atlassian Corporation Class A Common Stock,43400812540.00,Australia,2015,Computer Software: Prepackaged Software
0,TEL,TE Connectivity Ltd. New Switzerland Registered Shares,45425934800.00,Switzerland,,Electronic Components
0,TENB,Tenable Holdings Inc. Common Stock,5036429957.00,United States,2018,Computer Software: Prepackaged Software
0,TLS,Telos Corporation Common Stock,320758251.00,United States,2020,EDP Services
0,TOST,Toast Inc. Class A Common Stock,13036950000.00,United States,2021,EDP Services
0,TRAK,ReposiTrak Inc. Common Stock,299783040.00,United States,,EDP Services
0,TRIP,TripAdvisor Inc. Common Stock,2502858491.00,United States,,Computer Software: Programming Data Processing
0,TRNR,Interactive Strength Inc. Common Stock,3995000.00,United States,2023,Consumer Electronics/Appliances
0,TROO,TROOPS Inc. Ordinary Shares ,134617347.00,China,,Radio And Television Broadcasting And Communications Equipment
0,TRT,Trio-Tech International Common Stock,26564406.00,United States,1998,Industrial Machinery/Components
0,TRUE,TrueCar Inc. Common Stock,263545903.00,United States,2014,Computer Software: Programming Data Processing
0,TRVG,trivago N.V. American Depositary Shares,172720883.00,Germany,2016,EDP Services
0,TSEM,Tower Semiconductor Ltd. Ordinary Shares,4085056000.00,Israel,1994,Semiconductors
0,TSM,Taiwan Semiconductor Manufacturing Company Ltd.,803375559270.00,Taiwan,1997,Semiconductors
0,TTD,The Trade Desk Inc. Class A Common Stock,46555111001.00,United States,2016,Computer Software: Programming Data Processing
0,TTEC,TTEC Holdings Inc. Common Stock,288671992.00,United States,1996,Retail: Computer Software & Peripheral Equipment
0,TTMI,TTM Technologies Inc. Common Stock,1863522076.00,United States,2000,Electrical Products
0,TTWO,Take-Two Interactive Software Inc. Common Stock,27346252190.00,United States,1997,Computer Software: Prepackaged Software
0,TUYA,Tuya Inc. American Depositary Shares each representing one Class A Ordinary Share,1212390384.00,China,2021,Computer Software: Prepackaged Software
0,TWLO,Twilio Inc. Class A Common Stock,9905708536.00,United States,2016,Computer Software: Prepackaged Software
0,TXN,Texas Instruments Incorporated Common Stock,178272404187.00,United States,,Semiconductors
0,TYGO,Tigo Energy Inc. Common Stock,81488198.00,United States,2021,Semiconductors
0,TYL,Tyler Technologies Inc. Common Stock,20305292824.00,United States,,Computer Software: Prepackaged Software
0,U,Unity Software Inc. Common Stock,7197718519.00,United States,2020,Computer Software: Prepackaged Software
0,UBXG,U-BX Technology Ltd. Ordinary Shares,178753500.00,China,2024,Computer Software: Programming Data Processing
0,UCTT,Ultra Clean Holdings Inc. Common Stock,2033789706.00,United States,2004,Semiconductors
0,UI,Ubiquiti Inc. Common Stock,8543196527.00,United States,,Radio And Television Broadcasting And Communications Equipment
0,UIS,Unisys Corporation New Common Stock,310836032.00,United States,,EDP Services
0,ULY,Urgent.ly Inc. Common Stock,26039524.00,United States,,EDP Services
0,UMAC,Unusual Machines Inc. Common Stock,14186678.00,,2024,Radio And Television Broadcasting And Communications Equipment
0,UMC,United Microelectronics Corporation (NEW) Common Stock,21551294115.00,Taiwan,,Semiconductors
0,UPLD,Upland Software Inc. Common Stock,82916661.00,United States,2014,Computer Software: Prepackaged Software
0,UPWK,Upwork Inc. Common Stock,1443002860.00,United States,2018,EDP Services
0,UUU,Universal Security Instruments Inc. Common Stock,3515588.00,United States,2003,Electronic Components
0,VECO,Veeco Instruments Inc. Common Stock,2341400947.00,United States,1994,Semiconductors
0,VEEV,Veeva Systems Inc. Class A Common Stock,32402051673.00,United States,2013,Computer Software: Prepackaged Software
0,VERI,Veritone Inc. Common Stock,108876083.00,United States,2017,EDP Services
0,VERX,Vertex Inc. Class A Common Stock,5138917014.00,United States,2020,Computer Software: Prepackaged Software
0,VIAV,Viavi Solutions Inc. Common Stock,1632986365.00,United States,,Radio And Television Broadcasting And Communications Equipment
0,VICR,Vicor Corporation Common Stock,1536863220.00,United States,,Industrial Machinery/Components
0,VLN,Valens Semiconductor Ltd. Ordinary Shares,282275351.00,,,Semiconductors
0,VMEO,Vimeo Inc. Common Stock,662676934.00,United States,,Computer Software: Programming Data Processing
0,VNET,VNET Group Inc. American Depositary Shares,471020957.00,China,2011,EDP Services
0,VPG,Vishay Precision Group Inc. Common Stock,432934184.00,United States,,Electrical Products
0,VRAR,The Glimpse Group Inc. Common Stock,19781557.00,United States,2021,EDP Services
0,VREX,Varex Imaging Corporation Common Stock,610637000.00,United States,,Industrial Machinery/Components
0,VRME,VerifyMe Inc. Common Stock,15061372.00,United States,,EDP Services
0,VRNS,Varonis Systems Inc. Common Stock,4994786292.00,United States,2014,Computer Software: Prepackaged Software
0,VRNT,Verint Systems Inc. Common Stock,1883147924.00,United States,2010,EDP Services
0,VRSK,Verisk Analytics Inc. Common Stock,35228656144.00,United States,2009,EDP Services
0,VRSN,VeriSign Inc. Common Stock,17030106000.00,United States,1998,EDP Services
0,VRT,Vertiv Holdings LLC Class A Common Stock,38626787484.00,United States,2018,Industrial Machinery/Components
0,VSAT,ViaSat Inc. Common Stock,1976930872.00,United States,1996,Radio And Television Broadcasting And Communications Equipment
0,VSH,Vishay Intertechnology Inc. Common Stock,3213409178.00,United States,,Electrical Products
0,VTEX,VTEX Class A Common Shares,1239421899.00,United Kingdom,2021,Computer Software: Prepackaged Software
0,VUZI,Vuzix Corporation Common Stock,100325443.00,United States,,Industrial Machinery/Components
0,WATT,Energous Corporation Common Stock,9218918.00,United States,2014,Radio And Television Broadcasting And Communications Equipment
0,WB,Weibo Corporation American Depositary Share,2110715195.00,China,2014,Computer Software: Programming Data Processing
0,WDAY,Workday Inc. Class A Common Stock,56051160000.00,United States,,EDP Services
0,WDC,Western Digital Corporation Common Stock,25279539797.00,United States,,Electronic Components
0,WEAV,Weave Communications Inc. Common Stock,623748771.00,United States,2021,Computer Software: Prepackaged Software
0,WETH,Wetouch Technology Inc. Common Stock,0.00,China,,Computer peripheral equipment
0,WEX,WEX Inc. common stock,7656065755.00,United States,,EDP Services
0,WFCF,Where Food Comes From Inc. Common Stock,66390722.00,United States,,Computer Software: Prepackaged Software
0,WGS,GeneDx Holdings Corp. Class A Common Stock,555249729.00,United States,2020,Retail: Computer Software & Peripheral Equipment
0,WIMI,WiMi Hologram Cloud Inc. American Depositary Share,81640345.00,China,2020,Computer Software: Prepackaged Software
0,WIT,Wipro Limited Common Stock,27510352865.00,India,,EDP Services
0,WIX,Wix.com Ltd. Ordinary Shares,9420614341.00,Israel,2013,EDP Services
0,WK,Workiva Inc. Class A Common Stock,4275792157.00,United States,2014,Computer Software: Prepackaged Software
0,WKEY,WISeKey International Holding Ltd American Depositary Shares,19859700.00,Switzerland,,EDP Services
0,WOLF,Wolfspeed Inc. Common Stock,3273483842.00,United States,,Semiconductors
0,WTO,UTime Limited Ordinary Shares,5786664.00,China,2021,Consumer Electronics/Appliances
0,WYY,WidePoint Corporation Common Stock,24694790.00,United States,,EDP Services
0,XELA,Exela Technologies Inc. Common Stock,16107521.00,United States,2015,Retail: Computer Software & Peripheral Equipment
0,XNET,Xunlei Limited American Depositary Shares,116469200.00,China,2014,Computer Software: Prepackaged Software
0,XPER,Xperi Inc. Common Stock ,396851869.00,United States,2022,Semiconductors
0,XRX,Xerox Holdings Corporation Common Stock,1692608920.00,United States,,Computer peripheral equipment
0,XTIA,XTI Aerospace Inc. Common Stock,10134216.00,United States,2014,EDP Services
0,XTKG,X3 Holdings Co. Ltd. Ordinary Shares,167537677.00,China,2019,EDP Services
0,YALA,Yalla Group Limited American Depositary Shares each representing one Class A Ordinary Share,755457905.00,United Arab Emirates,2020,Computer Software: Programming Data Processing
0,YEXT,Yext Inc. Common Stock,617467775.00,United States,2017,EDP Services
0,YMM,Full Truck Alliance Co. Ltd. American Depositary Shares (each representing 20 Class A Ordinary Shares),9430333469.00,China,2021,Computer Software: Prepackaged Software
0,YOU,Clear Secure Inc. Class A Common Stock,2489627322.00,United States,2021,Computer Software: Prepackaged Software
0,ZDGE,Zedge Inc. Class B Common Stock ,39451719.00,,2016,Computer Software: Prepackaged Software
0,ZENV,Zenvia Inc. Class A Common Stock,129841857.00,Brazil,2021,Computer Software: Prepackaged Software
0,ZEPP,Zepp Health Corporation American Depositary Shares,44011162.00,China,2018,Computer Manufacturing
0,ZETA,Zeta Global Holdings Corp. Class A Common Stock,3752249752.00,United States,2021,Computer Software: Prepackaged Software
0,ZIP,ZipRecruiter Inc. Class A Common Stock,1003492506.00,United States,2021,Computer Software: Programming Data Processing
0,ZM,Zoom Video Communications Inc. Class A Common Stock,19031362164.00,United States,2019,Computer Software: Programming Data Processing
0,ZOOZ,ZOOZ Power Ltd. Ordinary Shares,0.00,Israel,,Industrial Machinery/Components
0,ZS,Zscaler Inc. Common Stock,24684605807.00,United States,2018,EDP Services
0,TSLA,Tesla Inc. Common Stock,1020000000000.00,United States,2010,Auto Manufacturing